ID,Name,Salary,Address,,
,,,Area,Pincode,City
101,Ttqhn,73245,Virat Nagar,546374,Patna
102,Ipeziax,58401,Virat Nagar,546374,Patna
103,Famb,71266,Gomati,572444,Pune
104,Bqgyckin,83027,Gomati,572444,Pune
105,Nivv,94834,Virat Nagar,546374,Patna
106,Vhnso,87736,Virat Nagar,546374,Patna
107,Nbmg,54845,Gomati,572444,Pune
108,Brrsq,95623,Virat Nagar,546374,Patna
109,Aascdjc,57581,Gomati,572444,Pune
110,Aghq,92181,Virat Nagar,546374,Patna
111,Dkld,60932,Virat Nagar,546374,Patna
112,Btrqqf,62475,Anand Sagar,576374,Thane
113,Ofsgrm,73291,Gomati,572444,Pune
114,Rosrnud,64113,Virat Nagar,546374,Patna
115,Jqquo,55316,Virat Nagar,546374,Patna
116,Mnnrwuk,94507,Virat Nagar,546374,Patna
117,Xeksk,60068,Anand Sagar,576374,Thane
118,Vulbndb,54017,Anand Sagar,576374,Thane
119,Pbdelxvy,69096,Anand Sagar,576374,Thane
120,Wnui,61074,Anand Sagar,576374,Thane
121,Wwpft,76031,Gomati,572444,Pune
122,Cpvx,76041,Virat Nagar,546374,Patna
123,Wtghko,96599,Anand Sagar,576374,Thane
124,Nwvvce,70087,Virat Nagar,546374,Patna
125,Vhilpwl,73980,Gomati,572444,Pune
126,Pdxrcg,58132,Gomati,572444,Pune
127,Pslitjhe,78254,Anand Sagar,576374,Thane
128,Ibbz,73219,Gomati,572444,Pune
129,Kajstac,53826,Anand Sagar,576374,Thane
130,Ejvdz,78166,Virat Nagar,546374,Patna
131,Fbwxtjt,51940,Anand Sagar,576374,Thane
132,Zusmyab,52870,Anand Sagar,576374,Thane
133,Ozwu,96785,Anand Sagar,576374,Thane
134,Ivuoaz,81512,Virat Nagar,546374,Patna
135,Mnzms,95761,Anand Sagar,576374,Thane
136,Qkmchjp,64563,Virat Nagar,546374,Patna
137,Oxhm,58453,Anand Sagar,576374,Thane
138,Rlie,83662,Virat Nagar,546374,Patna
139,Cghezthf,95184,Virat Nagar,546374,Patna
140,Gdnxfeqw,79801,Gomati,572444,Pune
141,Oowksmk,75550,Anand Sagar,576374,Thane
142,Dgjswpsd,70024,Anand Sagar,576374,Thane
